[{"post":"European Union","office_name":"U.S. Mission to the European Union","country":"European Union","email":"Office.BrusselsEC@trade.gov","fax":"+32-2-811-5151","phone":"+32-2-811-4817","post_type":"F"},{"post":"Belgrade","office_name":"U.S. Commercial Service - Belgrade, Serbia","country":"Serbia","email":"bradley.harker@trade.gov","fax":"+381 11 706 4010","phone":"+381 11 706 4112","post_type":"F"},{"post":"Montevideo","office_name":"U.S. Commercial Service - Montevideo","country":"Uruguay","email":"Office.Montevideo@trade.gov","fax":"598-2 418-8581","mail_instruction":"Mail sent by courier delivery should be sent to American Embassy, US Commercial Service, Lauro Muller 1776, Montevideo 11200, Uruguay. All mail sent by regular post or pouch should be sent to US Embassy Montevideo, Unit 4502, APO AA 34035","phone":"598-2 419-3209","post_type":"F"},{"post":"London","office_name":"U.S. Commercial Service - London","country":"United Kingdom","email":"Office.London@trade.gov","fax":"(44-20) 7894-0020","phone":"(44-20) 7894-0419","post_type":"F"},{"post":"Alexandria","office_name":"U.S. Commercial Service - Alexandria","country":"Egypt","email":"Alexandria.Office.Box@trade.gov","fax":"011 +-20 (3) 486-9199","mail_instruction":"By APO Work Week: Sunday - Thursday","phone":"011 +-20 (3) 486-5607","post_type":"F"},{"post":"Cairo","office_name":"U.S. Commercial Service - Cairo","country":"Egypt","email":"Office.Cairo@trade.gov","fax":"011-20-2-795-8368","mail_instruction":"By APO","phone":"011-20-2-797-2340","post_type":"F"},{"post":"Kiev","office_name":"U.S. Commercial Service - Kiev","country":"Ukraine","email":"office.kiev@trade.gov","fax":"380 (44) 521-5051","mail_instruction":"For expedited delivery - use courier addressed to our international address.","phone":"380 (44) 521-5244","post_type":"F"},{"post":"Ankara","office_name":"U.S. Commercial Service - Ankara","country":"Turkey","email":"Ankara.Office.Box@mail.doc.gov","fax":"(90) 312 428-8760","phone":"(90) 312 455-5555","post_type":"F"},{"post":"Izmir","office_name":"U.S. Commercial Service - Izmir","country":"Turkey","email":"Izmir.Office.Box@mail.doc.gov","fax":"90-232-489-0267","phone":"90-232-441-2446","post_type":"F"},{"post":"Istanbul","office_name":"U.S. Commercial Service - Istanbul","country":"Turkey","email":"Istanbul.Office.Box@mail.doc.gov","fax":"(90-212) 335-9103","mail_instruction":"Please note that APO regulations require mail to be addressed to the American officer at post and not directly to the FSN staff.","phone":"(90-212) 335-9040","post_type":"F"},{"post":"Abu Dhabi","office_name":"U.S. Commercial Service - Abu Dhabi","country":"United Arab Emirates","email":"Office.Abudhabi@trade.gov","fax":"971-2-414-2228","mail_instruction":"Work Week: Sunday - Thursday","phone":"971-2-414-2304","post_type":"F"},{"post":"Dubai","office_name":"U.S. Commercial Service - Dubai","country":"United Arab Emirates","email":"Office.Dubai@trade.gov","fax":"+971-4-354-7090","mail_instruction":"All mail to the UAE is delivered to post boxes only. There is as yet no street delivery.","phone":"+971-4-309-4000","post_type":"F"},{"post":"Bangkok","office_name":"U.S. Commercial Service - Bangkok","country":"Thailand","email":"Office.Bangkok@trade.gov","fax":"66-2-255-2915","phone":"66-2-205-5090","post_type":"F"},{"post":"Stockholm","office_name":"U.S. Commercial Service - Stockholm","country":"Sweden","email":"Stockholm.office.box@mail.doc.gov","fax":"46-8-660-9181","mail_instruction":"Clients should note that correspondence sent to the U.S. mailing address takes about 15 days to reach Stockholm. Time-sensitive materials should be sent either by U.S. mail to the street address, or via courier or express delivery service.","phone":"46-8-783-5346","post_type":"F"},{"post":"Madrid","office_name":"U.S. Commercial Service - Madrid","country":"Spain","email":"Madrid.Office.Box@trade.gov","fax":"+34-91-563-0859","phone":"+34-91-564-8976","post_type":"F"},{"post":"Cape Town","office_name":"U.S. Commercial Service - Cape Town","country":"South Africa","email":"cape.town.office.box@trade.gov","fax":"(27-21) 702-7402","phone":"(27-21) 702-7300","post_type":"F"},{"post":"Johannesburg","office_name":"U.S. Commercial Service - Johannesburg","country":"South Africa","email":"johannesburg.office.box@trade.gov","fax":"27 11 884 0253","mail_instruction":"Please note that shipments to the Washington, DC address will take approximately three weeks to arrive in South Africa.","phone":"27 11 290 3120","post_type":"F"},{"post":"Hanoi","office_name":"U.S. Commercial Service - Hanoi","country":"Vietnam","email":"Office.Hanoi@trade.gov","fax":"011-84-4-3850-5064","mail_instruction":"For courier delivery, use the above street address; For pouch, use the above mailing address","phone":"011-84-4-3850-5199","post_type":"F"},{"post":"Ho Chi Minh City","office_name":"U.S. Commercial Service - Ho Chi Minh City","country":"Vietnam","email":"Office.HoChiMinhCity@trade.gov","fax":"011-84-8-3520-4679 / 81","mail_instruction":"For courier delivery, use the above street address; For pouch, use the above mailing address","phone":"011-84-8-3520-4680","post_type":"F"},{"post":"Bratislava","office_name":"U.S. Commercial Service - Bratislava","country":"Slovak Republic","email":"Office.Bratislava@trade.gov","fax":"+421 2 5922 3345","mail_instruction":"When sending mail to our local address or by courier service package (FedEx, DHL, etc.), please use the following address: Americke Velvyslanectvo, U.S. Commercial Service, Hviezdoslavovo namestie 5, 811 02 Bratislava, Slovak Republic","phone":"+421 2 5922 3222","post_type":"F"},{"post":"Singapore","office_name":"U.S. Commercial Service - Singapore","country":"Singapore","email":"office.singapore@trade.gov","fax":"65-6476-9080","phone":"65-6476-9037","post_type":"F"},{"post":"Dhahran","office_name":"U.S. Commercial Service - Dhahran","country":"Saudi Arabia","email":"Dhahran.Office.Box@mail.doc.gov","fax":"966-3-330-2190","phone":"966-3-330-3200","post_type":"F"},{"post":"Riyadh","office_name":"U.S. Commercial Service - Riyadh","country":"Saudi Arabia","email":"Office.Riyadh@trade.gov","fax":"(+966-1) 488-3237","mail_instruction":"Work Week: Saturday - Wednesday","phone":"(+966-1) 488-3800","post_type":"F"},{"post":"Jeddah","office_name":"U.S. Commercial Service - Jeddah","country":"Saudi Arabia","email":"Jeddah.Office.Box@mail.doc.gov","fax":"966-2-664-4148","phone":"966-2-667-0080","post_type":"F"},{"post":"Moscow","office_name":"U.S. Commercial Service - Moscow","country":"Russia","email":"Moscow.Office.Box@trade.gov","fax":"7-495-728-5585","mail_instruction":"All couriered items should be sent via DHL - DO NOT USE FedEx","phone":"7-495-728-5580","post_type":"F"},{"post":"Vladivostok","office_name":"U.S. Commercial Service - Vladivostok - CLOSED","country":"Russia","email":"Moscow.office.box@trade.gov","fax":"+7-495-728-5885","mail_instruction":"CS Vladivostok office was closed effective 12/30/2011. Please contact CS Moscow for assistance.","phone":"+7-495-728-5880","post_type":"F"},{"post":"St. Petersburg","office_name":"U.S. Commercial Service - St. Petersburg","country":"Russia","email":"StPetersburg.Office.Box@trade.gov","fax":"7-812-326-2561","mail_instruction":"(Packages sent by UPS, FEDEX, DHL, etc should be sent via: American Embassy, GSO Warehouse Takoraudantie 4 00700 Helsinki, Finland (for American Consulate General St. Petersburg, FCS)","phone":"7-812-326-2560","post_type":"F"},{"post":"Bucharest","office_name":"U.S. Commercial Service - Bucharest","country":"Romania","email":"office.bucharest@trade.gov","fax":"(40-21) 316-0690","mail_instruction":"Courier delivery using the above Street Address; by pouch using the above Mailing address.","phone":"(40-21) 200-3372","post_type":"F"},{"post":"Doha","office_name":"U.S. Commercial Service - Doha","country":"Qatar","email":"Robert.Dunn@trade.gov","fax":"974-4488-4163","phone":"974-4496-6000","post_type":"F"},{"post":"Lisbon","office_name":"U.S. Commercial Service - Lisbon","country":"Portugal","email":"lisbon.office.box@mail.doc.gov","fax":"011-351-21-726-8914","mail_instruction":"When using courier, please use DHL or UPS to the street address","phone":"011-351-21-770 2528 / 727 3300","post_type":"F"},{"post":"Warsaw","office_name":"U.S. Commercial Service - Warsaw","country":"Poland","email":"Warsaw.Office.Box@trade.gov","fax":"48 22 621 6327","phone":"48 22 625 4374","post_type":"F"},{"post":"Manila","office_name":"U.S. Commercial Service - Manila","country":"Philippines","email":"businessphilippines@trade.gov","fax":"011-632-521-0416","phone":"011-632-301-6366","post_type":"F"},{"post":"Lima","office_name":"U.S. Commercial Service - Lima","country":"Peru","email":"Lima.Office.Box@trade.gov","fax":"011-511-434-3041","mail_instruction":"We strongly prefer that you use US mail addressed to our DPO address. For courier service, please use the street address. Note: for courier service, please specify that you are sending documents with no commercial value. Thank you!","phone":"011-511-434-3040 / 618-2442","post_type":"F"},{"post":"Panama City","office_name":"U.S. Commercial Service - Panama City","country":"Panama","email":"enrique.tellez@trade.gov","fax":"(507) 317-5573","mail_instruction":"For courier street address, for regular mail from any post the mailing address","phone":"(507) 317-5000","post_type":"F"},{"post":"Islamabad","office_name":"U.S. Commercial Service - Islamabad","country":"Pakistan","email":"Tariq.Sayeed@mail.doc.gov","fax":"92-51-282-3981","mail_instruction":"Use APO address for regular mail. FEDEX to the street address. Work Week: Monday - Friday","phone":"92-51-2080-2530","post_type":"F"},{"post":"Lahore","office_name":"U.S. Commercial Service - Lahore","country":"Pakistan","email":"Aftab.Qamar@mail.doc.gov","fax":"92-42-603-4229","mail_instruction":"Mail APO care of SCO in Islamabad.","phone":"92-42-603-4000","post_type":"F"},{"post":"Karachi","office_name":"U.S. Commercial Service - Karachi","country":"Pakistan","email":"Malik.Attiq@trade.gov","fax":"92-21-3561-2413","mail_instruction":"Mail care of SCO in Islamabad","phone":"92-21-3527-5017","post_type":"F"},{"post":"Oslo","office_name":"U.S. Commercial Service - Oslo","country":"Norway","email":"office.oslo@trade.gov","fax":"n/a","mail_instruction":"http://export.gov/norway/","phone":"(47) 21 30 88 66","post_type":"F"},{"post":"Lagos","office_name":"U.S. Commercial Service - Lagos","country":"Nigeria","email":"Lagos.Office.Box@mail.doc.gov","fax":"N/A","mail_instruction":"U.S. Mail, Courier services (e.g. Fedex, UPS) accepted. Package size/weight restrictions.","phone":"011-234-1 460-3581","post_type":"F"},{"post":"Wellington","office_name":"U.S. Commercial Service - Wellington","country":"New Zealand","email":"Office.Wellington@trade.gov","fax":"011-644-473-0770","phone":"011-644-462-6002","post_type":"F"},{"post":"The Hague","office_name":"U.S. Commercial Service - The Hague","country":"Netherlands","email":"Office.Thehague@trade.gov","fax":"N/A","phone":"+31-70-3102417","post_type":"F"},{"post":"Casablanca","office_name":"U.S. Commercial Service - Casablanca","country":"Morocco","email":"Casablanca.Office.Box@mail.doc.gov","fax":"212-522-22-02-59","phone":"212-522-26-45-50","post_type":"F"},{"post":"Guadalajara","office_name":"U.S. Commercial Service - Guadalajara","country":"Mexico","email":"guadalajara.office.box@mail.doc.gov","fax":"52-33-3615-7665","mail_instruction":"Send promotional materials for Gold Keys, IPSs, shows, missions, etc. via express mail courier service to the street address. Do not use the Laredo address. Specify \"no commercial value\" on the mailing label.","phone":"52-33-3615-1140","post_type":"F"},{"post":"Monterrey","office_name":"U.S. Commercial Service - Monterrey","country":"Mexico","email":"John.Howell@trade.gov","fax":"(52-81) 8047-3788","phone":"(52-81) 8047-3223","post_type":"F"},{"post":"Mexico City","office_name":"U.S. Commercial Service - Mexico City","country":"Mexico","email":"office.mexico@mail.doc.gov","fax":"52-55-5566-1115","mail_instruction":"All promotional materials for Gold Keys, missions, IPSs, shows, etc. should be sent to the street address using a courier service. Using regular mail or the P.O Box address will delay delivery. On mailing label, claim \"no commercial value.\"","phone":"52-55-5140-2600","post_type":"F"},{"post":"Kuala Lumpur","office_name":"U.S. Commercial Service - Kuala Lumpur","country":"Malaysia","email":"Kuala.Lumpur.Office.Box@trade.gov","fax":"60-3-2142-1866","mail_instruction":"Work Week: Monday - Friday","phone":"60-3-2168-5000","post_type":"F"},{"post":"Tripoli","office_name":"U.S. Commercial Service - Tripoli","country":"Libya","email":"Fathi.Hamidan@trade.gov","fax":"218-21-3622456","mail_instruction":"Contact Post for appropriate mailing address","phone":"218-913690680","post_type":"F"},{"post":"Beirut","office_name":"U.S. Commercial Service - Beirut","country":"Lebanon","email":"Naaman.Tayyar@trade.gov","fax":"961-4-541-788","mail_instruction":"Work Week: Monday - Friday","phone":"961-4-544-860","post_type":"F"},{"post":"Kuwait City","office_name":"U.S. Commercial Service - Kuwait City","country":"Kuwait","email":"kuwait.city.office.box@trade.gov","fax":"965 2259-1271","mail_instruction":"Work Week: Sunday-Thursday EST + 8 (winter) or est+ 7 (April-Oct)","phone":"965 2259-1011","post_type":"F"},{"post":"Seoul","office_name":"U.S. Commercial Service - Seoul","country":"Korea (South)","email":"Office.Seoul@trade.gov","fax":"82-2-739-1628","phone":"82-2-397-4535","post_type":"F"},{"post":"Nairobi","office_name":"U.S. Commercial Service - Nairobi","country":"Kenya","email":"Office.Nairobi@trade.gov","fax":"254-20-363-6722","phone":"254-20-3636000 ext. 6424","post_type":"F"},{"post":"Amman","office_name":"U.S. Commercial Service - Amman","country":"Jordan","email":"office.amman@trade.gov","fax":"011-962-6-592-0146","mail_instruction":"Work Week: Sunday - Thursday","phone":"011-962-6-590-6632","post_type":"F"},{"post":"Almaty","office_name":"U.S. Commercial Service - Almaty","country":"Kazakhstan","email":"office.almaty@trade.gov","fax":"7-727-250-0777","mail_instruction":"Send items to US mailing address if at all possible. We incur high brokerage fees for courier shipments to our Almaty address.","phone":"7 (727) 727-250-7612, ext 6490","post_type":"F"},{"post":"Nagoya","office_name":"U.S. Commercial Service - Nagoya","country":"Japan","email":"Closed","fax":"Closed","phone":"Closed","post_type":"F"},{"post":"Tokyo","office_name":"U.S. Commercial Service - Tokyo","country":"Japan","email":"Office.Tokyo@trade.gov","fax":"81-3-3589-4235","phone":"81-3-3224-5060","post_type":"F"},{"post":"Sapporo","office_name":"U.S. Commercial Service - Sapporo","country":"Japan","email":"Closed","fax":"Closed","phone":"Closed","post_type":"F"},{"post":"Osaka-Kobe","office_name":"U.S. Commercial Service - Osaka-Kobe","country":"Japan","email":"Office.Osaka-Kobe@trade.gov","fax":"81-6-6315-5963","mail_instruction":"Regular post or pouch mail using above Mailing Address, or international courier delivery using the above Street Address.","phone":"81-6-6315-5957","post_type":"F"},{"post":"Milan","office_name":"U.S. Commercial Service - Milan","country":"Italy","email":"Michael.Richardson@trade.gov","fax":"011-39-02-659-6561","phone":"011-39-02-626-8851","post_type":"F"},{"post":"Rome","office_name":"U.S. Commercial Service - Rome","country":"Italy","email":"Office.Rome@trade.gov","fax":"011-39-06-4674-2113","phone":"011-39-06-4674-2382","post_type":"F"},{"post":"Jerusalem","office_name":"U.S. Commercial Service - West Bank","country":"Israel","email":"office.jerusalem@trade.gov","fax":"(972-2) 623-5132","phone":"(972-2) 625-5201","post_type":"F"},{"post":"Tel Aviv","office_name":"U.S. Commercial Service - Israel","country":"Israel","email":"office.telaviv@trade.gov","fax":"(972-3) 510-7215","mail_instruction":"Work Week: Monday - Friday","phone":"(972-3) 519-7327","post_type":"F"},{"post":"Dublin","office_name":"U.S. Commercial Service - Dublin","country":"Ireland","email":"office.dublin@trade.gov","fax":"353-1-667-4754","mail_instruction":"For courier delivery, use street address. For sending regular mail, use mailing address.","phone":"353-1-237-5850","post_type":"F"},{"post":"Baghdad","office_name":"U.S. Commercial Service - Baghdad","country":"Iraq","email":"Baghdad.Office.Box@mail.doc.gov","fax":"n/a","mail_instruction":"ATTN: Commercial Officer","phone":"1-240-553-0581 x2223","post_type":"F"},{"post":"Jakarta","office_name":"U.S. Commercial Service - Jakarta","country":"Indonesia","email":"Jakarta.Office.Box@mail.doc.gov","fax":"(62-21) 526-2855","phone":"(62-21) 526-2850","post_type":"F"},{"post":"Surabaya","office_name":"Surabaya office is closed - Please see office Jakarta","country":"Indonesia","email":"Jakarta.Office.Box@mail.doc.gov","fax":"62/21/526-2855","phone":"62/21/526-2850","post_type":"F"},{"post":"Ahmedabad","office_name":"U.S. Commercial Service - Ahmedabad","country":"India","email":"office.ahmedabad@trade.gov","fax":"91-79-2656-0763","phone":"91-79- 2656-5210 / 2656-5216","post_type":"F"},{"post":"New Delhi","office_name":"U.S. Commercial Service - New Delhi","country":"India","email":"office.newdelhi@trade.gov","fax":"91-11-2331 5172","phone":"91-11-23472000","post_type":"F"},{"post":"Mumbai","office_name":"U.S. Commercial Service - Mumbai","country":"India","email":"office.mumbai@trade.gov","fax":"91-22-2672 4400","phone":"91-22-2672 4000","post_type":"F"},{"post":"Kolkata","office_name":"U.S. Commercial Service - Kolkata (Calcutta)","country":"India","email":"office.calcutta@trade.gov","fax":"91-33-2288-1207","phone":"91-33-2288-1200","post_type":"F"},{"post":"Hyderabad","office_name":"U.S. Commercial Service - Hyderabad","country":"India","email":"office.hyderabad@trade.gov","fax":"91-40 2330-0130","phone":"91-40 2330-5000; 98480-53770","post_type":"F"},{"post":"Chennai","office_name":"U.S. Commercial Service - Chennai","country":"India","email":"office.chennai@trade.gov","fax":"91-44-2857-4212","phone":"91-44-2857-4477","post_type":"F"},{"post":"Bangalore","office_name":"U.S. Commercial Service - Bangalore","country":"India","email":"office.bangalore@trade.gov","fax":"91-80-2220-6405","phone":"91-80-2220 6401","post_type":"F"},{"post":"Budapest","office_name":"U.S. Commercial Service - Budapest","country":"Hungary","email":"Office.Budapest@trade.gov","fax":"011-36-1-475-4676","mail_instruction":"Please note that if the Washington DC address is used, expect 3-4 weeks for delivery. For courier service, please use the Budapest address.","phone":"011-36-1-475-4090","post_type":"F"},{"post":"Hong Kong","office_name":"U.S. Commercial Service - Hong Kong","country":"Hong Kong","email":"office.hongkong@trade.gov","fax":"011-852-2845-9800","mail_instruction":"For courier delivery, use the street address. For sending regular mail or pouch, use the mailing address from U.S.","phone":"011-852-2521-1467","post_type":"F"},{"post":"Tegucigalpa","office_name":"U.S. Commercial Service Tegucigalpa - GBI Post","country":"Honduras","email":"Office.Tegucigalpa@trade.gov","fax":"011-504-2238-2888","phone":"011-504-2236-9320","post_type":"F"},{"post":"Guatemala City","office_name":"U.S. Commercial Service - Guatemala City- GBI Post","country":"Guatemala","email":"Office.Guatemala@trade.gov","fax":"011-502-2331-7373","mail_instruction":"Send brochures ONLY via USPS to DPO. Other methods may result in delay or high customs charges. Please put PRIORITY for any USPS mail.","phone":"011-502-2326-4000","post_type":"F"},{"post":"Athens","office_name":"U.S. Commercial Service - Athens","country":"Greece","email":"Office.Athens@trade.gov","fax":"30/210/721-8660","mail_instruction":"For courier mail use street address; For mailing other than from the U.S. use street address but do not/do not send packages to the att. of FSNs.","phone":"30/210/720-2303 or 720-2302","post_type":"F"},{"post":"Accra","office_name":"U.S. Commercial Service - Accra","country":"Ghana","email":"accra.office.box@mail.doc.gov","fax":"233-302-741401","phone":"233-302-741870 / 741329","post_type":"F"},{"post":"Berlin","office_name":"U.S. Commercial Service - Berlin","country":"Germany","email":"Office.Berlin@trade.gov","fax":"49-30-8305-1949","mail_instruction":"Use APO address whenever possible","phone":"49-30-8305-1940","post_type":"F"},{"post":"Munich","office_name":"U.S. Commercial Service - Munich","country":"Germany","email":"office.munich@trade.gov","fax":"49-89-28 52 61","phone":"49-89-2888-754","post_type":"F"},{"post":"Frankfurt","office_name":"U.S. Commercial Service - Frankfurt","country":"Germany","email":"Frankfurt.Office.Box@mail.doc.gov","fax":"49-69-7535-3171","phone":"49-69-7535-3120","post_type":"F"},{"post":"Dusseldorf","office_name":"U.S. Commercial Service - Dusseldorf","country":"Germany","email":"Dusseldorf.Office.Box@mail.doc.gov","fax":"49-211-737-767-67","phone":"49-211-737-767-0","post_type":"F"},{"post":"Paris","office_name":"U.S. Commercial Service - Paris","country":"France","email":"Paris.Office.Box@trade.gov","fax":"[33] (0)1 43 12 70 50","phone":"[33] (0)1 43 12 70 57","post_type":"F"},{"post":"Helsinki","office_name":"U.S. Commercial Service - Helsinki","country":"Finland","email":"helsinki.office.box@mail.doc.gov","fax":"(358) 9 616 25130","phone":"(358) 9 616 250","post_type":"F"},{"post":"San Salvador","office_name":"U.S. Commercial Service San Salvador - GBI Post","country":"El Salvador","email":"office.sansalvador@trade.gov","fax":"(503) 2501-3067 or 2298-0711","mail_instruction":"Courier services must be addressed to the local Street Address, Attention FCS Office","phone":"(503) 2501-3211","post_type":"F"},{"post":"Santo Domingo","office_name":"U.S. Commercial Service - Santo Domingo","country":"Dominican Republic","email":"office.santodomingo@trade.gov","fax":"1 809-920-0267","mail_instruction":"Use weight and space restrictions for APO.","phone":"1 809-227-2121","post_type":"F"},{"post":"Copenhagen","office_name":"U.S. Commercial Service - Copenhagen","country":"Denmark","email":"Copenhagen.Office.Box@mail.doc.gov","fax":"011-45-35420175","phone":"011-45-33417100","post_type":"F"},{"post":"Prague","office_name":"U.S. Commercial Service - Prague","country":"Czech Republic","email":"Office.Prague@trade.gov","fax":"420-257-02-2810","mail_instruction":"For courier/express deliveries, use street address. Mailing address from the U.S. is for official post only, but takes 2-3 weeks for delivery.","phone":"420-257-022-434","post_type":"F"},{"post":"Zagreb","office_name":"U.S. Commercial Service - Zagreb","country":"Croatia","email":"Zagreb.Office.Box@trade.gov","fax":"011-385-1-661-2446","mail_instruction":"Please allow three weeks if using the above State Dept pouch address","phone":"011-385-1-661-2224","post_type":"F"},{"post":"San Jose","office_name":"U.S. Commercial Service - San Jose","country":"Costa Rica","email":"San.JoseCR.Office.Box@trade.gov","fax":"506-2231-4783","mail_instruction":"If sent via UPS or Fedex, please write down \"Diplomatic Cargo\" (to avoid import duties and waiting time on delivery)","phone":"506 2519-2000 or 2220-2454","post_type":"F"},{"post":"Bogota","office_name":"U.S. Commercial Service - Bogota; GBI Post","country":"Colombia","email":"Office.Bogota@trade.gov","fax":"011 571 275 4575 / 275 4575","mail_instruction":"Use US Priority mail. Do not use a courier","phone":"011 571 275 2519","post_type":"F"},{"post":"Kaohsiung","office_name":"American Institute in Taiwan - Kaohsiung","country":"Taiwan","email":"Office.Kaohsiung@trade.gov","fax":"011-886-7-238-5237","phone":"011-886-7-238-7744","post_type":"F"},{"post":"Taipei","office_name":"American Institute in Taiwan - Taipei","country":"Taiwan","email":"Office.Taipei@trade.gov","fax":"+886-2-2757-7162","phone":"+886-2-2720-1550","post_type":"F"},{"post":"Wuhan","office_name":"U.S. Commercial Service - Wuhan","country":"China","email":"-","fax":"86-27-8555-7545","mail_instruction":"FPO mail will continue to be forwarded VIA Beijing","phone":"86-27-8555-7725; 8555-7752","post_type":"F"},{"post":"Shenyang","office_name":"U.S. Commercial Service - Shenyang","country":"China","email":"Cathy.Feig@mail.doc.gov","fax":"011-86-24-2322-2206","phone":"011-86-24-2322-1198","post_type":"F"},{"post":"Shanghai","office_name":"U.S. Commercial Service - Shanghai","country":"China","email":"office.shanghai@trade.gov","fax":"011-86-21-6279-7639","phone":"011-86-21-6279-7630","post_type":"F"},{"post":"Guangzhou","office_name":"U.S. Commercial Service - Guangzhou","country":"China","email":"office.guangzhou@trade.gov","fax":"011-86-20-3814-5353","mail_instruction":"Please mail via courier to street address if possible. Packages send to Washington mailing address takes at least two weeks to arrive.","phone":"011-86-20-3814-5000","post_type":"F"},{"post":"Chengdu","office_name":"U.S. Commercial Service - Chengdu","country":"China","email":"Office.Chengdu@trade.gov","fax":"+86 28 85589221","phone":"+86 28 85583992","post_type":"F"},{"post":"Beijing","office_name":"U.S. Commercial Service - Beijing","country":"China","email":"Beijing.Office.Box@mail.doc.gov","fax":"(86-10) 8531-3701","phone":"(86-10) 8531-3000","post_type":"F"},{"post":"Santiago","office_name":"U.S. Commercial Service - Santiago","country":"Chile","email":"Santiago.Office.Box@trade.gov","fax":"011-56-22-330-3172","mail_instruction":"Send brochures ONLY via USPS to DPO. Other methods may result in delay or high customs charges. Please put PRIORITY for any USPS mail.","phone":"011-56-22-330-3316","post_type":"F"},{"post":"Calgary","office_name":"U.S. Commercial Service - Calgary (GBI Post)","country":"Canada","email":"Office.Calgary@trade.gov","fax":"403-266-4743","phone":"403-265-2116","post_type":"F"},{"post":"Toronto","office_name":"U.S. Commercial Service - Toronto","country":"Canada","email":"Office.Toronto@trade.gov","fax":"(416) 595-5419","mail_instruction":"For courier delivery, use the street address. For sending regular mail, use the U.S. mailing address.","phone":"(416) 595-5412","post_type":"F"},{"post":"Ottawa","office_name":"U.S. Commercial Service - Ottawa","country":"Canada","email":"Office.Ottawa@trade.gov","fax":"613/238-5999","phone":"613/688-5217","post_type":"F"},{"post":"Montreal","office_name":"U.S. Commercial Service - Montreal","country":"Canada","email":"Office.Montreal@trade.gov","fax":"514-398-0711","phone":"514-398-9695, ext. 2220","post_type":"F"},{"post":"Minsk","office_name":"U.S. Commercial Service - Minsk","country":"Belarus","email":"cary.freeman@trade.gov","fax":"office closed","phone":"office closed","post_type":"F"},{"post":"Sofia","office_name":"U.S. Commercial Service - Sofia","country":"Bulgaria","email":"Office.Sofia@trade.gov","fax":"359-2-939-5735","mail_instruction":"Postage for both Pouch and APO is U.S. domestic mail rate.","phone":"359-2-939-5784","post_type":"F"},{"post":"Belo Horizonte","office_name":"U.S. Commercial Service - Belo Horizonte","country":"Brazil","email":"Office.BeloHorizonte@trade.gov","fax":"55-31-3213-1575","phone":"55-31-3213-1571","post_type":"F"},{"post":"Sao Paulo","office_name":"U.S. Commercial Service - São Paulo","country":"Brazil","email":"Office.SaoPaulo@trade.gov","fax":"55/11/3250-5399","phone":"55/11/3250-5172","post_type":"F"},{"post":"Rio De Janeiro","office_name":"U.S. Commercial Service - Rio de Janeiro","country":"Brazil","email":"Office.riodejaneiro@trade.gov","fax":"55-21-3823-2424","phone":"55-21-3823-2000","post_type":"F"},{"post":"Recife","office_name":"U.S. Commercial Service - Recife","country":"Brazil","email":"Office.Recife@trade.gov","fax":"55-81-3231-1906","phone":"55-81-3416-3063","post_type":"F"},{"post":"Brasilia","office_name":"U.S. Commercial Service - Brasilia","country":"Brazil","email":"Office.brasilia@trade.gov","fax":"55-61-312-7656","phone":"55-61-312-7418","post_type":"F"},{"post":"Brussels","office_name":"U.S. Commercial Service - Brussels","country":"Belgium","email":"Office.Brussels@trade.gov","fax":"011-32-2-512-6653","mail_instruction":"APO mail should be addressed to SCO","phone":"011-32-2-811-5086","post_type":"F"},{"post":"Yerevan","office_name":"U.S. Commercial Service - Yerevan","country":"Armenia","email":"Yerevan.Office.Box@mail.doc.gov","fax":"374-1-520-800","phone":"374-1-521-611","post_type":"F"},{"post":"Vienna","office_name":"U.S. Commercial Service - Vienna","country":"Austria","email":"office.vienna@trade.gov","fax":"011-43-1-310-6917","mail_instruction":"Please use the \"street address\" to mail any time-sensitive materials. The Diplomatic Postal Office (DPO) uses domestic U.S. Postal Service rates but does not provide express delivery..","phone":"011-43-1-313-39-2296","post_type":"F"},{"post":"Melbourne","office_name":"U.S. Commercial Service - Melbourne CLOSED","country":"Australia","email":"office.australia@trade.gov","fax":"1","mail_instruction":"As above. Use street address if sending material via courier.","phone":"1","post_type":"F"},{"post":"Sydney","office_name":"U.S. Commercial Service - Sydney","country":"Australia","email":"office.australia@trade.gov","fax":"011-61-2-9221-0573","mail_instruction":"As above. Use street address if sending material via courier.","phone":"011-61-2-9373-9205","post_type":"F"},{"post":"Perth","office_name":"U.S. Commercial Service - Perth","country":"Australia","email":"office.australia@trade.gov","fax":"011-61-8-9231-9444","phone":"011-61-8-6144-5149","post_type":"F"},{"post":"Buenos Aires","office_name":"U.S. Commercial Service - Buenos Aires","country":"Argentina","email":"office.buenosaires@trade.gov","fax":"(54-11) 5777-4203","mail_instruction":"Please use the mailing address from U.S.","phone":"(54-11) 5777-4753","post_type":"F"},{"post":"Algiers","office_name":"U.S. Commercial Service - Algiers","country":"Algeria","email":"algiers","fax":"+213-21-693-132","phone":"+213-770-082-000","post_type":"F"},{"post":"Kabul","office_name":"Afghanistan, Kabul US Embassy","country":"Afghanistan","email":"KoenigEW@state.gov","fax":"-","mail_instruction":"-","phone":"+93 (0) 700-108-498","post_type":"F"}]
